Workbook

Sheet Clientwise Comparison
C1: NS Debit | D1: Tally Debit | E1: Is Matched | F1: Reason | G1: NS Credit | H1: Tally Credit | I1: Is Matched | J1: Reason | K1: NC Closing | L1: Tally Closing
A2: Accenture Solutions Pvt Ltd | B2: SB21386 | C2: =VLOOKUP(B2,'NS Balance'!D:F,3,FALSE) -> 394474 | D2: =VLOOKUP(B2,'Tally Balance'!A:C,3,FALSE) -> 394474 | E2: =C2=D2 -> TRUE | G2: =VLOOKUP(B2,'NS Balance'!D:G,4,FALSE) -> 0 | H2: =VLOOKUP(B2,'Tally Balance'!A:D,4,FALSE) -> 0 | I2: =G2=H2 -> TRUE | L2: =VLOOKUP(B2,'Tally Balance'!A:E,5,FALSE) -> 394474
A3: Accenture Solutions Pvt Ltd | B3: SB22376 | C3: =VLOOKUP(B3,'NS Balance'!D:F,3,FALSE) -> 326914 | D3: =VLOOKUP(B3,'Tally Balance'!A:C,3,FALSE) -> 326914 | E3: =C3=D3 -> TRUE | G3: =VLOOKUP(B3,'NS Balance'!D:G,4,FALSE) -> 309507 | H3: =VLOOKUP(B3,'Tally Balance'!A:D,4,FALSE) -> 309507 | I3: =G3=H3 -> TRUE | L3: =VLOOKUP(B3,'Tally Balance'!A:E,5,FALSE) -> 17407
A4: Accenture Solutions Pvt Ltd | B4: SB22511 | C4: =VLOOKUP(B4,'NS Balance'!D:F,3,FALSE) -> 1800000 | D4: =VLOOKUP(B4,'Tally Balance'!A:C,3,FALSE) -> 1800000 | E4: =C4=D4 -> TRUE | G4: =VLOOKUP(B4,'NS Balance'!D:G,4,FALSE) -> 2400000 | H4: =VLOOKUP(B4,'Tally Balance'!A:D,4,FALSE) -> 2400000 | I4: =G4=H4 -> TRUE | L4: =VLOOKUP(B4,'Tally Balance'!A:E,5,FALSE) -> 600000
A5: Accenture Solutions Pvt Ltd | B5: SB22526 | C5: =VLOOKUP(B5,'NS Balance'!D:F,3,FALSE) -> 115008 | D5: =VLOOKUP(B5,'Tally Balance'!A:C,3,FALSE) -> 115008 | E5: =C5=D5 -> TRUE | G5: =VLOOKUP(B5,'NS Balance'!D:G,4,FALSE) -> 121792 | H5: =VLOOKUP(B5,'Tally Balance'!A:D,4,FALSE) -> 121792 | I5: =G5=H5 -> TRUE | L5: =VLOOKUP(B5,'Tally Balance'!A:E,5,FALSE) -> 6784
A6: Accenture Solutions Pvt Ltd | B6: SB22570 | C6: =VLOOKUP(B6,'NS Balance'!D:F,3,FALSE) -> 94380 | D6: =VLOOKUP(B6,'Tally Balance'!A:C,3,FALSE) -> 94380 | E6: =C6=D6 -> TRUE | G6: =VLOOKUP(B6,'NS Balance'!D:G,4,FALSE) -> 171050 | H6: =VLOOKUP(B6,'Tally Balance'!A:D,4,FALSE) -> 171050 | I6: =G6=H6 -> TRUE | L6: =VLOOKUP(B6,'Tally Balance'!A:E,5,FALSE) -> 76670
A7: Accenture Solutions Pvt Ltd | B7: SB22600 | C7: =VLOOKUP(B7,'NS Balance'!D:F,3,FALSE) -> 149700 | D7: =VLOOKUP(B7,'Tally Balance'!A:C,3,FALSE) -> 149700 | E7: =C7=D7 -> TRUE | G7: =VLOOKUP(B7,'NS Balance'!D:G,4,FALSE) -> 192016 | H7: =VLOOKUP(B7,'Tally Balance'!A:D,4,FALSE) -> 192016 | I7: =G7=H7 -> TRUE | L7: =VLOOKUP(B7,'Tally Balance'!A:E,5,FALSE) -> 42316
A8: Accenture Solutions Pvt Ltd | B8: SB22632 | C8: =VLOOKUP(B8,'NS Balance'!D:F,3,FALSE) -> 431402 | D8: =VLOOKUP(B8,'Tally Balance'!A:C,3,FALSE) -> 431402 | E8: =C8=D8 -> TRUE | G8: =VLOOKUP(B8,'NS Balance'!D:G,4,FALSE) -> 553080 | H8: =VLOOKUP(B8,'Tally Balance'!A:D,4,FALSE) -> 553080 | I8: =G8=H8 -> TRUE | L8: =VLOOKUP(B8,'Tally Balance'!A:E,5,FALSE) -> 121678
A9: Clarivate Analytics India Pvt Ltd | B9: SB22581 | C9: =VLOOKUP(B9,'NS Balance'!D:F,3,FALSE) -> 511290 | D9: =VLOOKUP(B9,'Tally Balance'!A:C,3,FALSE) -> 511290 | E9: =C9=D9 -> TRUE | G9: =VLOOKUP(B9,'NS Balance'!D:G,4,FALSE) -> 771075 | H9: =VLOOKUP(B9,'Tally Balance'!A:D,4,FALSE) -> 771075 | I9: =G9=H9 -> TRUE | L9: =VLOOKUP(B9,'Tally Balance'!A:E,5,FALSE) -> 259785
A10: Indian Explosives Pvt Ltd | B10: SB22347 | C10: =VLOOKUP(B10,'NS Balance'!D:F,3,FALSE) -> 83600 | D10: =VLOOKUP(B10,'Tally Balance'!A:C,3,FALSE) -> 83600 | E10: =C10=D10 -> TRUE | G10: =VLOOKUP(B10,'NS Balance'!D:G,4,FALSE) -> 83600 | H10: =VLOOKUP(B10,'Tally Balance'!A:D,4,FALSE) -> 83600 | I10: =G10=H10 -> TRUE | L10: =VLOOKUP(B10,'Tally Balance'!A:E,5,FALSE) -> 0
A11: NTT DATA Business Solutions Pvt Ltd | B11: SB22384 | C11: =VLOOKUP(B11,'NS Balance'!D:F,3,FALSE) -> 727580 | D11: =VLOOKUP(B11,'Tally Balance'!A:C,3,FALSE) -> 727110 | E11: =C11=D11 -> FALSE | F11: A/2025/PB Exe/0891 - 470.0 in NS | G11: =VLOOKUP(B11,'NS Balance'!D:G,4,FALSE) -> 1226174 | H11: =VLOOKUP(B11,'Tally Balance'!A:D,4,FALSE) -> 1155224 | I11: =G11=H11 -> FALSE | J11: Difference of 70950 | L11: =VLOOKUP(B11,'Tally Balance'!A:E,5,FALSE) -> 428114
A12: SAP India Pvt Ltd | B12: SB22124 | C12: =VLOOKUP(B12,'NS Balance'!D:F,3,FALSE) -> 1545455 | D12: =VLOOKUP(B12,'Tally Balance'!A:C,3,FALSE) -> 1545455 | E12: =C12=D12 -> TRUE | G12: =VLOOKUP(B12,'NS Balance'!D:G,4,FALSE) -> 1545455 | H12: =VLOOKUP(B12,'Tally Balance'!A:D,4,FALSE) -> 1545455 | I12: =G12=H12 -> TRUE | L12: =VLOOKUP(B12,'Tally Balance'!A:E,5,FALSE) -> 0
A13: SAP India Pvt Ltd | B13: SB22428 | C13: =VLOOKUP(B13,'NS Balance'!D:F,3,FALSE) -> 5842385.1 | D13: =VLOOKUP(B13,'Tally Balance'!A:C,3,FALSE) -> 5842385.1 | E13: =C13=D13 -> TRUE | G13: =VLOOKUP(B13,'NS Balance'!D:G,4,FALSE) -> 5842385.1 | H13: =VLOOKUP(B13,'Tally Balance'!A:D,4,FALSE) -> 5842385.1 | I13: =G13=H13 -> TRUE | L13: =VLOOKUP(B13,'Tally Balance'!A:E,5,FALSE) -> 0
A14: SAP India Pvt Ltd | B14: SB22540 | C14: =VLOOKUP(B14,'NS Balance'!D:F,3,FALSE) -> 40227753 | D14: =VLOOKUP(B14,'Tally Balance'!A:C,3,FALSE) -> 40227348 | E14: =C14=D14 -> FALSE | F14: Difference of 405 | G14: =VLOOKUP(B14,'NS Balance'!D:G,4,FALSE) -> 46041000 | H14: =VLOOKUP(B14,'Tally Balance'!A:D,4,FALSE) -> 46041000 | I14: =G14=H14 -> TRUE | L14: =VLOOKUP(B14,'Tally Balance'!A:E,5,FALSE) -> 5813652.2
A15: Thoughtworks Technologies India Pvt Ltd | B15: SB22443 | C15: =VLOOKUP(B15,'NS Balance'!D:F,3,FALSE) -> 14500 | D15: =VLOOKUP(B15,'Tally Balance'!A:C,3,FALSE) -> 14500 | E15: =C15=D15 -> TRUE | G15: =VLOOKUP(B15,'NS Balance'!D:G,4,FALSE) -> 14500 | H15: =VLOOKUP(B15,'Tally Balance'!A:D,4,FALSE) -> 14500 | I15: =G15=H15 -> TRUE | L15: =VLOOKUP(B15,'Tally Balance'!A:E,5,FALSE) -> 0
A16: Autodesk India Pvt Ltd | B16: SB22399 | C16: =VLOOKUP(B16,'NS Balance'!D:F,3,FALSE) -> 12350 | D16: =VLOOKUP(B16,'Tally Balance'!A:C,3,FALSE) -> 12350 | E16: =C16=D16 -> TRUE | G16: =VLOOKUP(B16,'NS Balance'!D:G,4,FALSE) -> 12350 | H16: =VLOOKUP(B16,'Tally Balance'!A:D,4,FALSE) -> 12350 | I16: =G16=H16 -> TRUE | L16: =VLOOKUP(B16,'Tally Balance'!A:E,5,FALSE) -> 0
A17: CA (India)Technologies Pvt Ltd | B17: SB22317 | C17: =VLOOKUP(B17,'NS Balance'!D:F,3,FALSE) -> 2031969.5 | D17: =VLOOKUP(B17,'Tally Balance'!A:C,3,FALSE) -> 2031969.5 | E17: =C17=D17 -> TRUE | G17: =VLOOKUP(B17,'NS Balance'!D:G,4,FALSE) -> 2031969.5 | H17: =VLOOKUP(B17,'Tally Balance'!A:D,4,FALSE) -> 2031969.5 | I17: =G17=H17 -> TRUE | L17: =VLOOKUP(B17,'Tally Balance'!A:E,5,FALSE) -> 0
A18: Hitachi Vantara India Pvt Ltd | B18: SB22223 | C18: =VLOOKUP(B18,'NS Balance'!D:F,3,FALSE) -> 142488 | D18: =VLOOKUP(B18,'Tally Balance'!A:C,3,FALSE) -> 142488 | E18: =C18=D18 -> TRUE | G18: =VLOOKUP(B18,'NS Balance'!D:G,4,FALSE) -> 142488 | H18: =VLOOKUP(B18,'Tally Balance'!A:D,4,FALSE) -> 142488 | I18: =G18=H18 -> TRUE | L18: =VLOOKUP(B18,'Tally Balance'!A:E,5,FALSE) -> 0
A19: Hitachi Vantara India Pvt Ltd | B19: SB22268 | C19: =VLOOKUP(B19,'NS Balance'!D:F,3,FALSE) -> 1834097 | D19: =VLOOKUP(B19,'Tally Balance'!A:C,3,FALSE) -> 1834097 | E19: =C19=D19 -> TRUE | G19: =VLOOKUP(B19,'NS Balance'!D:G,4,FALSE) -> 1834097 | H19: =VLOOKUP(B19,'Tally Balance'!A:D,4,FALSE) -> 1834097 | I19: =G19=H19 -> TRUE | L19: =VLOOKUP(B19,'Tally Balance'!A:E,5,FALSE) -> 0
A20: Hitachi Vantara India Pvt Ltd | B20: SB22321 | C20: =VLOOKUP(B20,'NS Balance'!D:F,3,FALSE) -> 500000 | D20: =VLOOKUP(B20,'Tally Balance'!A:C,3,FALSE) -> 500000 | E20: =C20=D20 -> TRUE | G20: =VLOOKUP(B20,'NS Balance'!D:G,4,FALSE) -> 516000 | H20: =VLOOKUP(B20,'Tally Balance'!A:D,4,FALSE) -> 516000 | I20: =G20=H20 -> TRUE | L20: =VLOOKUP(B20,'Tally Balance'!A:E,5,FALSE) -> 16000
A21: Hitachi Vantara India Pvt Ltd | B21: SB22545 | C21: =VLOOKUP(B21,'NS Balance'!D:F,3,FALSE) -> 2800020 | D21: =VLOOKUP(B21,'Tally Balance'!A:C,3,FALSE) -> 2800020 | E21: =C21=D21 -> TRUE | G21: =VLOOKUP(B21,'NS Balance'!D:G,4,FALSE) -> 2839466 | H21: =VLOOKUP(B21,'Tally Balance'!A:D,4,FALSE) -> 3500020 | I21: =G21=H21 -> FALSE | L21: =VLOOKUP(B21,'Tally Balance'!A:E,5,FALSE) -> 700000
A22: Hitachi Vantara India Pvt Ltd | B22: SB22580 | C22: =VLOOKUP(B22,'NS Balance'!D:F,3,FALSE) -> 650000 | D22: =VLOOKUP(B22,'Tally Balance'!A:C,3,FALSE) -> 650000 | E22: =C22=D22 -> TRUE | G22: =VLOOKUP(B22,'NS Balance'!D:G,4,FALSE) -> 650000 | H22: =VLOOKUP(B22,'Tally Balance'!A:D,4,FALSE) -> 650000 | I22: =G22=H22 -> TRUE | L22: =VLOOKUP(B22,'Tally Balance'!A:E,5,FALSE) -> 0
A23: Hitachi Vantara India Pvt Ltd | B23: SB22616 | C23: =VLOOKUP(B23,'NS Balance'!D:F,3,FALSE) -> 485000 | D23: =VLOOKUP(B23,'Tally Balance'!A:C,3,FALSE) -> 485000 | E23: =C23=D23 -> TRUE | G23: =VLOOKUP(B23,'NS Balance'!D:G,4,FALSE) -> 617954 | H23: =VLOOKUP(B23,'Tally Balance'!A:D,4,FALSE) -> 617954 | I23: =G23=H23 -> TRUE | L23: =VLOOKUP(B23,'Tally Balance'!A:E,5,FALSE) -> 132954
A24: Jamf India Pvt Ltd | B24: SB22485 | C24: =VLOOKUP(B24,'NS Balance'!D:F,3,FALSE) -> 3404033 | D24: =VLOOKUP(B24,'Tally Balance'!A:C,3,FALSE) -> 3404033 | E24: =C24=D24 -> TRUE | G24: =VLOOKUP(B24,'NS Balance'!D:G,4,FALSE) -> 3381121 | H24: =VLOOKUP(B24,'Tally Balance'!A:D,4,FALSE) -> 3381121 | I24: =G24=H24 -> TRUE | L24: =VLOOKUP(B24,'Tally Balance'!A:E,5,FALSE) -> 22912
A25: Jamf India Pvt Ltd | B25: SB22579 | C25: =VLOOKUP(B25,'NS Balance'!D:F,3,FALSE) -> 635518 | D25: =VLOOKUP(B25,'Tally Balance'!A:C,3,FALSE) -> 635518 | E25: =C25=D25 -> TRUE | G25: =VLOOKUP(B25,'NS Balance'!D:G,4,FALSE) -> 11800 | H25: =VLOOKUP(B25,'Tally Balance'!A:D,4,FALSE) -> 885518 | I25: =G25=H25 -> FALSE | L25: =VLOOKUP(B25,'Tally Balance'!A:E,5,FALSE) -> 250000
A26: Red Hat India Pvt Ltd | B26: SB22323 | C26: =VLOOKUP(B26,'NS Balance'!D:F,3,FALSE) -> 575640 | D26: =VLOOKUP(B26,'Tally Balance'!A:C,3,FALSE) -> 575640 | E26: =C26=D26 -> TRUE | G26: =VLOOKUP(B26,'NS Balance'!D:G,4,FALSE) -> 738000 | H26: =VLOOKUP(B26,'Tally Balance'!A:D,4,FALSE) -> 738000 | I26: =G26=H26 -> TRUE | L26: =VLOOKUP(B26,'Tally Balance'!A:E,5,FALSE) -> 162360
... A41: Dbs Bank India Ltd | B41: SB22416 | C41: =VLOOKUP(B41,'NS Balance'!D:F,3,FALSE) -> 6000 | D41: =VLOOKUP(B41,'Tally Balance'!A:C,3,FALSE) -> 6000 | E41: =C41=D41 -> TRUE | G41: =VLOOKUP(B41,'NS Balance'!D:G,4,FALSE) -> 6000 | H41: =VLOOKUP(B41,'Tally Balance'!A:D,4,FALSE) -> 6000 | I41: =G41=H41 -> TRUE | L41: =VLOOKUP(B41,'Tally Balance'!A:E,5,FALSE) -> 0
A42: Dbs Bank India Ltd | B42: SB22492 | C42: =VLOOKUP(B42,'NS Balance'!D:F,3,FALSE) -> 3135421 | D42: =VLOOKUP(B42,'Tally Balance'!A:C,3,FALSE) -> 3117506 | E42: =C42=D42 -> FALSE | F42: A/2025/PB/001469 - 17915.0 in NS | G42: =VLOOKUP(B42,'NS Balance'!D:G,4,FALSE) -> 2942744 | H42: =VLOOKUP(B42,'Tally Balance'!A:D,4,FALSE) -> 2942744 | I42: =G42=H42 -> TRUE | L42: =VLOOKUP(B42,'Tally Balance'!A:E,5,FALSE) -> 174761.96
A43: #N/A | B43: SB22506 | C43: =VLOOKUP(B43,'NS Balance'!D:F,3,FALSE) -> #N/A | D43: =VLOOKUP(B43,'Tally Balance'!A:C,3,FALSE) -> 0 | E43: =C43=D43 -> #N/A | G43: =VLOOKUP(B43,'NS Balance'!D:G,4,FALSE) -> #N/A | H43: =VLOOKUP(B43,'Tally Balance'!A:D,4,FALSE) -> 434 | I43: =G43=H43 -> #N/A | L43: =VLOOKUP(B43,'Tally Balance'!A:E,5,FALSE) -> 434
A44: Dbs Bank India Ltd | B44: SB22567 | C44: =VLOOKUP(B44,'NS Balance'!D:F,3,FALSE) -> 17503.2 | D44: =VLOOKUP(B44,'Tally Balance'!A:C,3,FALSE) -> 17503.2 | E44: =C44=D44 -> TRUE | G44: =VLOOKUP(B44,'NS Balance'!D:G,4,FALSE) -> 24145 | H44: =VLOOKUP(B44,'Tally Balance'!A:D,4,FALSE) -> 24145 | I44: =G44=H44 -> TRUE | L44: =VLOOKUP(B44,'Tally Balance'!A:E,5,FALSE) -> 6641.8
A45: Dbs Bank India Ltd | B45: SB22583 | C45: =VLOOKUP(B45,'NS Balance'!D:F,3,FALSE) -> 9728.8 | D45: =VLOOKUP(B45,'Tally Balance'!A:C,3,FALSE) -> 9728.8 | E45: =C45=D45 -> TRUE | G45: =VLOOKUP(B45,'NS Balance'!D:G,4,FALSE) -> 55000 | H45: =VLOOKUP(B45,'Tally Balance'!A:D,4,FALSE) -> 55000 | I45: =G45=H45 -> TRUE | L45: =VLOOKUP(B45,'Tally Balance'!A:E,5,FALSE) -> 45271.2
A46: Asus Global Pte Ltd | B46: SB22584 | C46: =VLOOKUP(B46,'NS Balance'!D:F,3,FALSE) -> 2629750 | D46: =VLOOKUP(B46,'Tally Balance'!A:C,3,FALSE) -> 2629750 | E46: =C46=D46 -> TRUE | G46: =VLOOKUP(B46,'NS Balance'!D:G,4,FALSE) -> 3174301.4 | H46: =VLOOKUP(B46,'Tally Balance'!A:D,4,FALSE) -> 3325307 | I46: =G46=H46 -> FALSE | L46: =VLOOKUP(B46,'Tally Balance'!A:E,5,FALSE) -> 695557
A47: BP Business Solutions India Pvt Ltd | B47: SB22564 | C47: =VLOOKUP(B47,'NS Balance'!D:F,3,FALSE) -> 666966.43 | D47: =VLOOKUP(B47,'Tally Balance'!A:C,3,FALSE) -> 666966.43 | E47: =C47=D47 -> TRUE | G47: =VLOOKUP(B47,'NS Balance'!D:G,4,FALSE) -> 1017327 | H47: =VLOOKUP(B47,'Tally Balance'!A:D,4,FALSE) -> 1017327 | I47: =G47=H47 -> TRUE | L47: =VLOOKUP(B47,'Tally Balance'!A:E,5,FALSE) -> 350360.57
A48: BP Business Solutions India Pvt Ltd | B48: SB22575 | C48: =VLOOKUP(B48,'NS Balance'!D:F,3,FALSE) -> 435524 | D48: =VLOOKUP(B48,'Tally Balance'!A:C,3,FALSE) -> 435524 | E48: =C48=D48 -> TRUE | G48: =VLOOKUP(B48,'NS Balance'!D:G,4,FALSE) -> 835524 | H48: =VLOOKUP(B48,'Tally Balance'!A:D,4,FALSE) -> 835524 | I48: =G48=H48 -> TRUE | L48: =VLOOKUP(B48,'Tally Balance'!A:E,5,FALSE) -> 400000
A49: BP Business Solutions India Pvt Ltd | B49: SB22582 | C49: =VLOOKUP(B49,'NS Balance'!D:F,3,FALSE) -> 88448 | D49: =VLOOKUP(B49,'Tally Balance'!A:C,3,FALSE) -> 88448 | E49: =C49=D49 -> TRUE | G49: =VLOOKUP(B49,'NS Balance'!D:G,4,FALSE) -> 138448 | H49: =VLOOKUP(B49,'Tally Balance'!A:D,4,FALSE) -> 138448 | I49: =G49=H49 -> TRUE | L49: =VLOOKUP(B49,'Tally Balance'!A:E,5,FALSE) -> 50000
A50: Citi Bank | B50: SB22536 | C50: =VLOOKUP(B50,'NS Balance'!D:F,3,FALSE) -> 10000 | D50: =VLOOKUP(B50,'Tally Balance'!A:C,3,FALSE) -> 10000 | E50: =C50=D50 -> TRUE | G50: =VLOOKUP(B50,'NS Balance'!D:G,4,FALSE) -> 0 | H50: =VLOOKUP(B50,'Tally Balance'!A:D,4,FALSE) -> 11000 | I50: =G50=H50 -> FALSE | L50: =VLOOKUP(B50,'Tally Balance'!A:E,5,FALSE) -> 1000
A51: Hindustan Unilever Ltd | B51: SB22324 | C51: =VLOOKUP(B51,'NS Balance'!D:F,3,FALSE) -> 1301935 | D51: =VLOOKUP(B51,'Tally Balance'!A:C,3,FALSE) -> 1301935 | E51: =C51=D51 -> TRUE | G51: =VLOOKUP(B51,'NS Balance'!D:G,4,FALSE) -> 1440862 | H51: =VLOOKUP(B51,'Tally Balance'!A:D,4,FALSE) -> 1440862 | I51: =G51=H51 -> TRUE | L51: =VLOOKUP(B51,'Tally Balance'!A:E,5,FALSE) -> 138927
A52: Hindustan Unilever Ltd | B52: SB22354 | C52: =VLOOKUP(B52,'NS Balance'!D:F,3,FALSE) -> 32000 | D52: =VLOOKUP(B52,'Tally Balance'!A:C,3,FALSE) -> 32000 | E52: =C52=D52 -> TRUE | G52: =VLOOKUP(B52,'NS Balance'!D:G,4,FALSE) -> 32000 | H52: =VLOOKUP(B52,'Tally Balance'!A:D,4,FALSE) -> 32000 | I52: =G52=H52 -> TRUE | L52: =VLOOKUP(B52,'Tally Balance'!A:E,5,FALSE) -> 0
A53: Hindustan Unilever Ltd | B53: SB22387 | C53: =VLOOKUP(B53,'NS Balance'!D:F,3,FALSE) -> 3500 | D53: =VLOOKUP(B53,'Tally Balance'!A:C,3,FALSE) -> 3500 | E53: =C53=D53 -> TRUE | G53: =VLOOKUP(B53,'NS Balance'!D:G,4,FALSE) -> 3500 | H53: =VLOOKUP(B53,'Tally Balance'!A:D,4,FALSE) -> 3500 | I53: =G53=H53 -> TRUE | L53: =VLOOKUP(B53,'Tally Balance'!A:E,5,FALSE) -> 0
A54: Hindustan Unilever Ltd | B54: SB22395 | C54: =VLOOKUP(B54,'NS Balance'!D:F,3,FALSE) -> 49700 | D54: =VLOOKUP(B54,'Tally Balance'!A:C,3,FALSE) -> 49700 | E54: =C54=D54 -> TRUE | G54: =VLOOKUP(B54,'NS Balance'!D:G,4,FALSE) -> 49700 | H54: =VLOOKUP(B54,'Tally Balance'!A:D,4,FALSE) -> 49700 | I54: =G54=H54 -> TRUE | L54: =VLOOKUP(B54,'Tally Balance'!A:E,5,FALSE) -> 0
A55: Hindustan Unilever Ltd | B55: SB22410 | C55: =VLOOKUP(B55,'NS Balance'!D:F,3,FALSE) -> 40000 | D55: =VLOOKUP(B55,'Tally Balance'!A:C,3,FALSE) -> 40000 | E55: =C55=D55 -> TRUE | G55: =VLOOKUP(B55,'NS Balance'!D:G,4,FALSE) -> 40000 | H55: =VLOOKUP(B55,'Tally Balance'!A:D,4,FALSE) -> 40000 | I55: =G55=H55 -> TRUE | L55: =VLOOKUP(B55,'Tally Balance'!A:E,5,FALSE) -> 0
A56: Hindustan Unilever Ltd | B56: SB22465 | C56: =VLOOKUP(B56,'NS Balance'!D:F,3,FALSE) -> 2511000 | D56: =VLOOKUP(B56,'Tally Balance'!A:C,3,FALSE) -> 2656000 | E56: =C56=D56 -> FALSE | F56: Difference of 145000 | G56: =VLOOKUP(B56,'NS Balance'!D:G,4,FALSE) -> 2656000 | H56: =VLOOKUP(B56,'Tally Balance'!A:D,4,FALSE) -> 2656000 | I56: =G56=H56 -> TRUE | L56: =VLOOKUP(B56,'Tally Balance'!A:E,5,FALSE) -> 0
A57: Hindustan Unilever Ltd | B57: SB22491 | C57: =VLOOKUP(B57,'NS Balance'!D:F,3,FALSE) -> 21339791 | D57: =VLOOKUP(B57,'Tally Balance'!A:C,3,FALSE) -> 21466457 | E57: =C57=D57 -> FALSE | G57: =VLOOKUP(B57,'NS Balance'!D:G,4,FALSE) -> 21909874 | H57: =VLOOKUP(B57,'Tally Balance'!A:D,4,FALSE) -> 21909874 | I57: =G57=H57 -> TRUE | L57: =VLOOKUP(B57,'Tally Balance'!A:E,5,FALSE) -> 443417.13
A58: Hindustan Unilever Ltd | B58: SB22495 | C58: =VLOOKUP(B58,'NS Balance'!D:F,3,FALSE) -> 658854 | D58: =VLOOKUP(B58,'Tally Balance'!A:C,3,FALSE) -> 658854 | E58: =C58=D58 -> TRUE | G58: =VLOOKUP(B58,'NS Balance'!D:G,4,FALSE) -> 658382 | H58: =VLOOKUP(B58,'Tally Balance'!A:D,4,FALSE) -> 658382 | I58: =G58=H58 -> TRUE | L58: =VLOOKUP(B58,'Tally Balance'!A:E,5,FALSE) -> 472
A59: Hindustan Unilever Ltd | B59: SB22503 | C59: =VLOOKUP(B59,'NS Balance'!D:F,3,FALSE) -> 3600000 | D59: =VLOOKUP(B59,'Tally Balance'!A:C,3,FALSE) -> 3600000 | E59: =C59=D59 -> TRUE | G59: =VLOOKUP(B59,'NS Balance'!D:G,4,FALSE) -> 3600043 | H59: =VLOOKUP(B59,'Tally Balance'!A:D,4,FALSE) -> 3600043 | I59: =G59=H59 -> TRUE | L59: =VLOOKUP(B59,'Tally Balance'!A:E,5,FALSE) -> 43
A60: Hindustan Unilever Ltd | B60: SB22552 | C60: =VLOOKUP(B60,'NS Balance'!D:F,3,FALSE) -> 751830.29 | D60: =VLOOKUP(B60,'Tally Balance'!A:C,3,FALSE) -> 751830.29 | E60: =C60=D60 -> TRUE | G60: =VLOOKUP(B60,'NS Balance'!D:G,4,FALSE) -> 790000 | H60: =VLOOKUP(B60,'Tally Balance'!A:D,4,FALSE) -> 790000 | I60: =G60=H60 -> TRUE | L60: =VLOOKUP(B60,'Tally Balance'!A:E,5,FALSE) -> 38169.71
A61: Hindustan Unilever Ltd | B61: SB22566 | C61: =VLOOKUP(B61,'NS Balance'!D:F,3,FALSE) -> 4853673.6 | D61: =VLOOKUP(B61,'Tally Balance'!A:C,3,FALSE) -> 4853673.6 | E61: =C61=D61 -> TRUE | G61: =VLOOKUP(B61,'NS Balance'!D:G,4,FALSE) -> 4937670.6 | H61: =VLOOKUP(B61,'Tally Balance'!A:D,4,FALSE) -> 4937670.6 | I61: =G61=H61 -> TRUE | L61: =VLOOKUP(B61,'Tally Balance'!A:E,5,FALSE) -> 83997
A62: Hindustan Unilever Ltd | B62: SB22586 | C62: =VLOOKUP(B62,'NS Balance'!D:F,3,FALSE) -> 2046351.4 | D62: =VLOOKUP(B62,'Tally Balance'!A:C,3,FALSE) -> 2066531.4 | E62: =C62=D62 -> FALSE | G62: =VLOOKUP(B62,'NS Balance'!D:G,4,FALSE) -> 2728972.4 | H62: =VLOOKUP(B62,'Tally Balance'!A:D,4,FALSE) -> 2728972.4 | I62: =G62=H62 -> TRUE | L62: =VLOOKUP(B62,'Tally Balance'!A:E,5,FALSE) -> 662441
A63: Hindustan Unilever Ltd | B63: SB22602 | C63: =VLOOKUP(B63,'NS Balance'!D:F,3,FALSE) -> 712151.24 | D63: =VLOOKUP(B63,'Tally Balance'!A:C,3,FALSE) -> 712151.24 | E63: =C63=D63 -> TRUE | G63: =VLOOKUP(B63,'NS Balance'!D:G,4,FALSE) -> 1102551 | H63: =VLOOKUP(B63,'Tally Balance'!A:D,4,FALSE) -> 1102551 | I63: =G63=H63 -> TRUE | L63: =VLOOKUP(B63,'Tally Balance'!A:E,5,FALSE) -> 390399.76
A64: Hindustan Unilever Ltd | B64: SB22645 | C64: =VLOOKUP(B64,'NS Balance'!D:F,3,FALSE) -> 2650000 | D64: =VLOOKUP(B64,'Tally Balance'!A:C,3,FALSE) -> 2650000 | E64: =C64=D64 -> TRUE | G64: =VLOOKUP(B64,'NS Balance'!D:G,4,FALSE) -> 4300000 | H64: =VLOOKUP(B64,'Tally Balance'!A:D,4,FALSE) -> 4300000 | I64: =G64=H64 -> TRUE | L64: =VLOOKUP(B64,'Tally Balance'!A:E,5,FALSE) -> 1650000
A65: IKEA India Pvt Ltd | B65: SB22595 | C65: =VLOOKUP(B65,'NS Balance'!D:F,3,FALSE) -> 850000 | D65: =VLOOKUP(B65,'Tally Balance'!A:C,3,FALSE) -> 850000 | E65: =C65=D65 -> TRUE | G65: =VLOOKUP(B65,'NS Balance'!D:G,4,FALSE) -> 850000 | H65: =VLOOKUP(B65,'Tally Balance'!A:D,4,FALSE) -> 850000 | I65: =G65=H65 -> TRUE | L65: =VLOOKUP(B65,'Tally Balance'!A:E,5,FALSE) -> 0
A66: IKEA India Pvt Ltd | B66: SB22609 | C66: =VLOOKUP(B66,'NS Balance'!D:F,3,FALSE) -> 556000 | D66: =VLOOKUP(B66,'Tally Balance'!A:C,3,FALSE) -> 556000 | E66: =C66=D66 -> TRUE | G66: =VLOOKUP(B66,'NS Balance'!D:G,4,FALSE) -> 713240 | H66: =VLOOKUP(B66,'Tally Balance'!A:D,4,FALSE) -> 713240 | I66: =G66=H66 -> TRUE | L66: =VLOOKUP(B66,'Tally Balance'!A:E,5,FALSE) -> 157240
A67: Indian Electrical & Electronics | B67: SB22401 | C67: =VLOOKUP(B67,'NS Balance'!D:F,3,FALSE) -> 138800 | D67: =VLOOKUP(B67,'Tally Balance'!A:C,3,FALSE) -> 138800 | E67: =C67=D67 -> TRUE | G67: =VLOOKUP(B67,'NS Balance'!D:G,4,FALSE) -> 0 | H67: =VLOOKUP(B67,'Tally Balance'!A:D,4,FALSE) -> 0 | I67: =G67=H67 -> TRUE | L67: =VLOOKUP(B67,'Tally Balance'!A:E,5,FALSE) -> 138800
A68: Intel Technology India Pvt Ltd | B68: SB22571 | C68: =VLOOKUP(B68,'NS Balance'!D:F,3,FALSE) -> 1496500 | D68: =VLOOKUP(B68,'Tally Balance'!A:C,3,FALSE) -> 1500000 | E68: =C68=D68 -> FALSE | F68: =D68-C68 -> 3500 | G68: =VLOOKUP(B68,'NS Balance'!D:G,4,FALSE) -> 0 | H68: =VLOOKUP(B68,'Tally Balance'!A:D,4,FALSE) -> 1721092.5 | I68: =G68=H68 -> FALSE | J68: No credit entry present in NS | L68: =VLOOKUP(B68,'Tally Balance'!A:E,5,FALSE) -> 221092.49
A69: Jubilant Foodworks Ltd | B69: SB22422 | C69: =VLOOKUP(B69,'NS Balance'!D:F,3,FALSE) -> 6000 | D69: =VLOOKUP(B69,'Tally Balance'!A:C,3,FALSE) -> 6000 | E69: =C69=D69 -> TRUE | G69: =VLOOKUP(B69,'NS Balance'!D:G,4,FALSE) -> 6000 | H69: =VLOOKUP(B69,'Tally Balance'!A:D,4,FALSE) -> 6000 | I69: =G69=H69 -> TRUE | L69: =VLOOKUP(B69,'Tally Balance'!A:E,5,FALSE) -> 0
A70: Lightspeed India Partners Advisors LLP | B70: SB22392 | C70: =VLOOKUP(B70,'NS Balance'!D:F,3,FALSE) -> 26000 | D70: =VLOOKUP(B70,'Tally Balance'!A:C,3,FALSE) -> 26000 | E70: =C70=D70 -> TRUE | G70: =VLOOKUP(B70,'NS Balance'!D:G,4,FALSE) -> 26000 | H70: =VLOOKUP(B70,'Tally Balance'!A:D,4,FALSE) -> 26000 | I70: =G70=H70 -> TRUE | L70: =VLOOKUP(B70,'Tally Balance'!A:E,5,FALSE) -> 0
A71: Lightspeed India Partners Advisors LLP | B71: SB22548 | C71: =VLOOKUP(B71,'NS Balance'!D:F,3,FALSE) -> 778498 | D71: =VLOOKUP(B71,'Tally Balance'!A:C,3,FALSE) -> 778498 | E71: =C71=D71 -> TRUE | G71: =VLOOKUP(B71,'NS Balance'!D:G,4,FALSE) -> 825135 | H71: =VLOOKUP(B71,'Tally Balance'!A:D,4,FALSE) -> 825135 | I71: =G71=H71 -> TRUE | L71: =VLOOKUP(B71,'Tally Balance'!A:E,5,FALSE) -> 46637
A72: Mahindra & Mahindra Ltd | B72: SB22538 | C72: =VLOOKUP(B72,'NS Balance'!D:F,3,FALSE) -> 76149.44 | D72: =VLOOKUP(B72,'Tally Balance'!A:C,3,FALSE) -> 64700 | E72: =C72=D72 -> FALSE | G72: =VLOOKUP(B72,'NS Balance'!D:G,4,FALSE) -> 64610 | H72: =VLOOKUP(B72,'Tally Balance'!A:D,4,FALSE) -> 64610 | I72: =G72=H72 -> TRUE | L72: =VLOOKUP(B72,'Tally Balance'!A:E,5,FALSE) -> 90
A73: Shobiz Experiential Communications Pvt Ltd-Mum | B73: SB21992 | C73: =VLOOKUP(B73,'NS Balance'!D:F,3,FALSE) -> 8869 | D73: =VLOOKUP(B73,'Tally Balance'!A:C,3,FALSE) -> 19848.91 | E73: =C73=D73 -> FALSE | G73: =VLOOKUP(B73,'NS Balance'!D:G,4,FALSE) -> 19848.91 | H73: =VLOOKUP(B73,'Tally Balance'!A:D,4,FALSE) -> 19848.91 | I73: =G73=H73 -> TRUE | L73: =VLOOKUP(B73,'Tally Balance'!A:E,5,FALSE) -> 0
A74: Metro Cash & Carry India Pvt Ltd | B74: SB22550 | C74: =VLOOKUP(B74,'NS Balance'!D:F,3,FALSE) -> 3479909 | D74: =VLOOKUP(B74,'Tally Balance'!A:C,3,FALSE) -> 3479909 | E74: =C74=D74 -> TRUE | G74: =VLOOKUP(B74,'NS Balance'!D:G,4,FALSE) -> 3589563 | H74: =VLOOKUP(B74,'Tally Balance'!A:D,4,FALSE) -> 3589563 | I74: =G74=H74 -> TRUE | L74: =VLOOKUP(B74,'Tally Balance'!A:E,5,FALSE) -> 109654
A75: Nvidia Graphics Pvt Ltd | B75: SB21859 | C75: =VLOOKUP(B75,'NS Balance'!D:F,3,FALSE) -> 0 | D75: =VLOOKUP(B75,'Tally Balance'!A:C,3,FALSE) -> 0 | E75: =C75=D75 -> TRUE | G75: =VLOOKUP(B75,'NS Balance'!D:G,4,FALSE) -> 15793.06 | H75: =VLOOKUP(B75,'Tally Balance'!A:D,4,FALSE) -> 15793.06 | I75: =G75=H75 -> TRUE | L75: =VLOOKUP(B75,'Tally Balance'!A:E,5,FALSE) -> 15793.06
A76: Nvidia Graphics Pvt Ltd | B76: SB22512 | C76: =VLOOKUP(B76,'NS Balance'!D:F,3,FALSE) -> 559134.47 | D76: =VLOOKUP(B76,'Tally Balance'!A:C,3,FALSE) -> 559134.47 | E76: =C76=D76 -> TRUE | G76: =VLOOKUP(B76,'NS Balance'!D:G,4,FALSE) -> 559134.47 | H76: =VLOOKUP(B76,'Tally Balance'!A:D,4,FALSE) -> 559134.47 | I76: =G76=H76 -> TRUE | L76: =VLOOKUP(B76,'Tally Balance'!A:E,5,FALSE) -> 0
A77: Siemens Ltd | B77: SB22327 | C77: =VLOOKUP(B77,'NS Balance'!D:F,3,FALSE) -> 461394 | D77: =VLOOKUP(B77,'Tally Balance'!A:C,3,FALSE) -> 461394 | E77: =C77=D77 -> TRUE | G77: =VLOOKUP(B77,'NS Balance'!D:G,4,FALSE) -> 461394 | H77: =VLOOKUP(B77,'Tally Balance'!A:D,4,FALSE) -> 461394 | I77: =G77=H77 -> TRUE | L77: =VLOOKUP(B77,'Tally Balance'!A:E,5,FALSE) -> 0
A78: Siemens Ltd | B78: SB22369 | C78: =VLOOKUP(B78,'NS Balance'!D:F,3,FALSE) -> 162122.01 | D78: =VLOOKUP(B78,'Tally Balance'!A:C,3,FALSE) -> 162122.01 | E78: =C78=D78 -> TRUE | G78: =VLOOKUP(B78,'NS Balance'!D:G,4,FALSE) -> 162122.01 | H78: =VLOOKUP(B78,'Tally Balance'!A:D,4,FALSE) -> 162122.01 | I78: =G78=H78 -> TRUE | L78: =VLOOKUP(B78,'Tally Balance'!A:E,5,FALSE) -> 0
A79: Siemens Ltd | B79: SB22375 | C79: =VLOOKUP(B79,'NS Balance'!D:F,3,FALSE) -> 292462 | D79: =VLOOKUP(B79,'Tally Balance'!A:C,3,FALSE) -> 292462 | E79: =C79=D79 -> TRUE | G79: =VLOOKUP(B79,'NS Balance'!D:G,4,FALSE) -> 292464.5 | H79: =VLOOKUP(B79,'Tally Balance'!A:D,4,FALSE) -> 292464.5 | I79: =G79=H79 -> TRUE | L79: =VLOOKUP(B79,'Tally Balance'!A:E,5,FALSE) -> 2.5
A80: Siemens Ltd | B80: SB22391 | C80: =VLOOKUP(B80,'NS Balance'!D:F,3,FALSE) -> 3500 | D80: =VLOOKUP(B80,'Tally Balance'!A:C,3,FALSE) -> 3500 | E80: =C80=D80 -> TRUE | G80: =VLOOKUP(B80,'NS Balance'!D:G,4,FALSE) -> 3500 | H80: =VLOOKUP(B80,'Tally Balance'!A:D,4,FALSE) -> 3500 | I80: =G80=H80 -> TRUE | L80: =VLOOKUP(B80,'Tally Balance'!A:E,5,FALSE) -> 0
... A121: Brookprop Property Management Services Pvt Ltd | B121: SB22461 | C121: =VLOOKUP(B121,'NS Balance'!D:F,3,FALSE) -> 8702148.2 | D121: =VLOOKUP(B121,'Tally Balance'!A:C,3,FALSE) -> 8702148.2 | E121: =C121=D121 -> TRUE | G121: =VLOOKUP(B121,'NS Balance'!D:G,4,FALSE) -> 5666925 | H121: =VLOOKUP(B121,'Tally Balance'!A:D,4,FALSE) -> 8678548.2 | I121: =G121=H121 -> FALSE | L121: =VLOOKUP(B121,'Tally Balance'!A:E,5,FALSE) -> 23600
A122: Brookprop Property Management Services Pvt Ltd | B122: SB22479 | C122: =VLOOKUP(B122,'NS Balance'!D:F,3,FALSE) -> 5499236.5 | D122: =VLOOKUP(B122,'Tally Balance'!A:C,3,FALSE) -> 5499236.5 | E122: =C122=D122 -> TRUE | G122: =VLOOKUP(B122,'NS Balance'!D:G,4,FALSE) -> 1944867 | H122: =VLOOKUP(B122,'Tally Balance'!A:D,4,FALSE) -> 5361736.5 | I122: =G122=H122 -> FALSE | J122: Missing entry in NS - 3416869.5 | L122: =VLOOKUP(B122,'Tally Balance'!A:E,5,FALSE) -> 137500
A123: Brookprop Property Management Services Pvt Ltd | B123: SB22543 | C123: =VLOOKUP(B123,'NS Balance'!D:F,3,FALSE) -> 1021439 | D123: =VLOOKUP(B123,'Tally Balance'!A:C,3,FALSE) -> 2393496.5 | E123: =C123=D123 -> FALSE | F123: Difference of 1372057.5 | G123: =VLOOKUP(B123,'NS Balance'!D:G,4,FALSE) -> 1021439 | H123: =VLOOKUP(B123,'Tally Balance'!A:D,4,FALSE) -> 2393496.5 | I123: =G123=H123 -> FALSE | J123: Difference of 1372057.5 | L123: =VLOOKUP(B123,'Tally Balance'!A:E,5,FALSE) -> 0
A124: Brookprop Property Management Services Pvt Ltd | B124: SB22639 | C124: =VLOOKUP(B124,'NS Balance'!D:F,3,FALSE) -> 400000 | D124: =VLOOKUP(B124,'Tally Balance'!A:C,3,FALSE) -> 400000 | E124: =C124=D124 -> TRUE | G124: =VLOOKUP(B124,'NS Balance'!D:G,4,FALSE) -> 440000 | H124: =VLOOKUP(B124,'Tally Balance'!A:D,4,FALSE) -> 440000 | I124: =G124=H124 -> TRUE | L124: =VLOOKUP(B124,'Tally Balance'!A:E,5,FALSE) -> 40000
A125: Bumblebee Networks | B125: SB22611 | C125: =VLOOKUP(B125,'NS Balance'!D:F,3,FALSE) -> 221945 | D125: =VLOOKUP(B125,'Tally Balance'!A:C,3,FALSE) -> 221945 | E125: =C125=D125 -> TRUE | G125: =VLOOKUP(B125,'NS Balance'!D:G,4,FALSE) -> 381205 | H125: =VLOOKUP(B125,'Tally Balance'!A:D,4,FALSE) -> 381205 | I125: =G125=H125 -> TRUE | L125: =VLOOKUP(B125,'Tally Balance'!A:E,5,FALSE) -> 159260
A126: CIO Association | B126: SB22444 | C126: =VLOOKUP(B126,'NS Balance'!D:F,3,FALSE) -> 374590 | D126: =VLOOKUP(B126,'Tally Balance'!A:C,3,FALSE) -> 374590 | E126: =C126=D126 -> TRUE | G126: =VLOOKUP(B126,'NS Balance'!D:G,4,FALSE) -> 374590 | H126: =VLOOKUP(B126,'Tally Balance'!A:D,4,FALSE) -> 374590 | I126: =G126=H126 -> TRUE | L126: =VLOOKUP(B126,'Tally Balance'!A:E,5,FALSE) -> 0
A127: Indo-French Chamber Of Commerce & Industry | B127: SB22647 | C127: =VLOOKUP(B127,'NS Balance'!D:F,3,FALSE) -> 65000 | D127: =VLOOKUP(B127,'Tally Balance'!A:C,3,FALSE) -> 65000 | E127: =C127=D127 -> TRUE | G127: =VLOOKUP(B127,'NS Balance'!D:G,4,FALSE) -> 97440 | H127: =VLOOKUP(B127,'Tally Balance'!A:D,4,FALSE) -> 97440 | I127: =G127=H127 -> TRUE | L127: =VLOOKUP(B127,'Tally Balance'!A:E,5,FALSE) -> 32440
A128: Intel Technology India Pvt Ltd | B128: SB22374 | C128: =VLOOKUP(B128,'NS Balance'!D:F,3,FALSE) -> 209354 | D128: =VLOOKUP(B128,'Tally Balance'!A:C,3,FALSE) -> 209354 | E128: =C128=D128 -> TRUE | G128: =VLOOKUP(B128,'NS Balance'!D:G,4,FALSE) -> 531854 | H128: =VLOOKUP(B128,'Tally Balance'!A:D,4,FALSE) -> 531854 | I128: =G128=H128 -> TRUE | L128: =VLOOKUP(B128,'Tally Balance'!A:E,5,FALSE) -> 322500
A129: Intel Technology India Pvt Ltd | B129: SB22397 | C129: =VLOOKUP(B129,'NS Balance'!D:F,3,FALSE) -> 1113051.3 | D129: =VLOOKUP(B129,'Tally Balance'!A:C,3,FALSE) -> 1113051.3 | E129: =C129=D129 -> TRUE | G129: =VLOOKUP(B129,'NS Balance'!D:G,4,FALSE) -> 1263051.3 | H129: =VLOOKUP(B129,'Tally Balance'!A:D,4,FALSE) -> 1263051.3 | I129: =G129=H129 -> TRUE | L129: =VLOOKUP(B129,'Tally Balance'!A:E,5,FALSE) -> 150000
A130: Intel Technology India Pvt Ltd | B130: SB22508 | C130: =VLOOKUP(B130,'NS Balance'!D:F,3,FALSE) -> 24164 | D130: =VLOOKUP(B130,'Tally Balance'!A:C,3,FALSE) -> 24164 | E130: =C130=D130 -> TRUE | G130: =VLOOKUP(B130,'NS Balance'!D:G,4,FALSE) -> 24024 | H130: =VLOOKUP(B130,'Tally Balance'!A:D,4,FALSE) -> 24024 | I130: =G130=H130 -> TRUE | L130: =VLOOKUP(B130,'Tally Balance'!A:E,5,FALSE) -> 140
A131: Intel Technology India Pvt Ltd | B131: SB22605 | C131: =VLOOKUP(B131,'NS Balance'!D:F,3,FALSE) -> 9400 | D131: =VLOOKUP(B131,'Tally Balance'!A:C,3,FALSE) -> 9400 | E131: =C131=D131 -> TRUE | G131: =VLOOKUP(B131,'NS Balance'!D:G,4,FALSE) -> 13492.5 | H131: =VLOOKUP(B131,'Tally Balance'!A:D,4,FALSE) -> 13492.5 | I131: =G131=H131 -> TRUE | L131: =VLOOKUP(B131,'Tally Balance'!A:E,5,FALSE) -> 4092.5
A132: Novo Nordisk India Pvt Ltd | B132: SB22470 | C132: =VLOOKUP(B132,'NS Balance'!D:F,3,FALSE) -> 33353 | D132: =VLOOKUP(B132,'Tally Balance'!A:C,3,FALSE) -> 33353 | E132: =C132=D132 -> TRUE | G132: =VLOOKUP(B132,'NS Balance'!D:G,4,FALSE) -> 33353 | H132: =VLOOKUP(B132,'Tally Balance'!A:D,4,FALSE) -> 33353 | I132: =G132=H132 -> TRUE | L132: =VLOOKUP(B132,'Tally Balance'!A:E,5,FALSE) -> 0
A133: Novo Nordisk India Pvt Ltd | B133: SB22625 | C133: =VLOOKUP(B133,'NS Balance'!D:F,3,FALSE) -> 24000 | D133: =VLOOKUP(B133,'Tally Balance'!A:C,3,FALSE) -> 24000 | E133: =C133=D133 -> TRUE | G133: =VLOOKUP(B133,'NS Balance'!D:G,4,FALSE) -> 30800 | H133: =VLOOKUP(B133,'Tally Balance'!A:D,4,FALSE) -> 30800 | I133: =G133=H133 -> TRUE | L133: =VLOOKUP(B133,'Tally Balance'!A:E,5,FALSE) -> 6800
A134: Novo Nordisk Pharma (Singapore) Pte Ltd | B134: SB22601 | C134: =VLOOKUP(B134,'NS Balance'!D:F,3,FALSE) -> 25000 | D134: =VLOOKUP(B134,'Tally Balance'!A:C,3,FALSE) -> 25000 | E134: =C134=D134 -> TRUE | G134: =VLOOKUP(B134,'NS Balance'!D:G,4,FALSE) -> 72600 | H134: =VLOOKUP(B134,'Tally Balance'!A:D,4,FALSE) -> 72600 | I134: =G134=H134 -> TRUE | L134: =VLOOKUP(B134,'Tally Balance'!A:E,5,FALSE) -> 47600
A135: Pernod Ricard India Pvt Ltd | B135: SB22311 | C135: =VLOOKUP(B135,'NS Balance'!D:F,3,FALSE) -> 4000 | D135: =VLOOKUP(B135,'Tally Balance'!A:C,3,FALSE) -> 4000 | E135: =C135=D135 -> TRUE | G135: =VLOOKUP(B135,'NS Balance'!D:G,4,FALSE) -> 4000 | H135: =VLOOKUP(B135,'Tally Balance'!A:D,4,FALSE) -> 4000 | I135: =G135=H135 -> TRUE | L135: =VLOOKUP(B135,'Tally Balance'!A:E,5,FALSE) -> 0
... A152: Cognizant Technology Solutions India Pvt Ltd | B152: SB22280 | C152: =VLOOKUP(B152,'NS Balance'!D:F,3,FALSE) -> 11500 | D152: =VLOOKUP(B152,'Tally Balance'!A:C,3,FALSE) -> 11500 | E152: =C152=D152 -> TRUE | G152: =VLOOKUP(B152,'NS Balance'!D:G,4,FALSE) -> 11500 | H152: =VLOOKUP(B152,'Tally Balance'!A:D,4,FALSE) -> 11500 | I152: =G152=H152 -> TRUE | L152: =VLOOKUP(B152,'Tally Balance'!A:E,5,FALSE) -> 0
A153: Cognizant Technology Solutions India Pvt Ltd | B153: SB22424 | C153: =VLOOKUP(B153,'NS Balance'!D:F,3,FALSE) -> 34233 | D153: =VLOOKUP(B153,'Tally Balance'!A:C,3,FALSE) -> 34233 | E153: =C153=D153 -> TRUE | F153: C/2025/JV/0070 C/2025/JV/0072 - 831439.27 in NS | G153: =VLOOKUP(B153,'NS Balance'!D:G,4,FALSE) -> 126649 | H153: =VLOOKUP(B153,'Tally Balance'!A:D,4,FALSE) -> 126649 | I153: =G153=H153 -> TRUE | L153: =VLOOKUP(B153,'Tally Balance'!A:E,5,FALSE) -> 92416
A154: Cognizant Technology Solutions India Pvt Ltd | B154: SB22446 | C154: =VLOOKUP(B154,'NS Balance'!D:F,3,FALSE) -> 1668425 | D154: =VLOOKUP(B154,'Tally Balance'!A:C,3,FALSE) -> 1668425 | E154: =C154=D154 -> TRUE | G154: =VLOOKUP(B154,'NS Balance'!D:G,4,FALSE) -> 1668425 | H154: =VLOOKUP(B154,'Tally Balance'!A:D,4,FALSE) -> 1668425 | I154: =G154=H154 -> TRUE | L154: =VLOOKUP(B154,'Tally Balance'!A:E,5,FALSE) -> 0
A155: Cognizant Technology Solutions India Pvt Ltd | B155: SB22469 | C155: =VLOOKUP(B155,'NS Balance'!D:F,3,FALSE) -> 6693299.9 | D155: =VLOOKUP(B155,'Tally Balance'!A:C,3,FALSE) -> 5861860.6 | E155: =C155=D155 -> FALSE | G155: =VLOOKUP(B155,'NS Balance'!D:G,4,FALSE) -> 5892632 | H155: =VLOOKUP(B155,'Tally Balance'!A:D,4,FALSE) -> 5892632 | I155: =G155=H155 -> TRUE | L155: =VLOOKUP(B155,'Tally Balance'!A:E,5,FALSE) -> 30771.4
A156: Cognizant Technology Solutions India Pvt Ltd | B156: SB22529 | C156: =VLOOKUP(B156,'NS Balance'!D:F,3,FALSE) -> 1147085 | D156: =VLOOKUP(B156,'Tally Balance'!A:C,3,FALSE) -> 1147085 | E156: =C156=D156 -> TRUE | G156: =VLOOKUP(B156,'NS Balance'!D:G,4,FALSE) -> 1147085 | H156: =VLOOKUP(B156,'Tally Balance'!A:D,4,FALSE) -> 1147085 | I156: =G156=H156 -> TRUE | L156: =VLOOKUP(B156,'Tally Balance'!A:E,5,FALSE) -> 0
A157: Cognizant Technology Solutions India Pvt Ltd | B157: SB22534 | C157: =VLOOKUP(B157,'NS Balance'!D:F,3,FALSE) -> 724751 | D157: =VLOOKUP(B157,'Tally Balance'!A:C,3,FALSE) -> 724751 | E157: =C157=D157 -> TRUE | G157: =VLOOKUP(B157,'NS Balance'!D:G,4,FALSE) -> 909447 | H157: =VLOOKUP(B157,'Tally Balance'!A:D,4,FALSE) -> 909447 | I157: =G157=H157 -> TRUE | L157: =VLOOKUP(B157,'Tally Balance'!A:E,5,FALSE) -> 184696
A158: Cognizant Technology Solutions India Pvt Ltd | B158: SB22546 | C158: =VLOOKUP(B158,'NS Balance'!D:F,3,FALSE) -> 330740 | D158: =VLOOKUP(B158,'Tally Balance'!A:C,3,FALSE) -> 330740 | E158: =C158=D158 -> TRUE | G158: =VLOOKUP(B158,'NS Balance'!D:G,4,FALSE) -> 330740 | H158: =VLOOKUP(B158,'Tally Balance'!A:D,4,FALSE) -> 330740 | I158: =G158=H158 -> TRUE | L158: =VLOOKUP(B158,'Tally Balance'!A:E,5,FALSE) -> 0
A159: Cognizant Technology Solutions India Pvt Ltd | B159: SB22558 | C159: =VLOOKUP(B159,'NS Balance'!D:F,3,FALSE) -> 180250 | D159: =VLOOKUP(B159,'Tally Balance'!A:C,3,FALSE) -> 180250 | E159: =C159=D159 -> TRUE | G159: =VLOOKUP(B159,'NS Balance'!D:G,4,FALSE) -> 224730 | H159: =VLOOKUP(B159,'Tally Balance'!A:D,4,FALSE) -> 224730 | I159: =G159=H159 -> TRUE | L159: =VLOOKUP(B159,'Tally Balance'!A:E,5,FALSE) -> 44480
A160: Cognizant Technology Solutions India Pvt Ltd | B160: SB22593 | C160: =VLOOKUP(B160,'NS Balance'!D:F,3,FALSE) -> 205805 | D160: =VLOOKUP(B160,'Tally Balance'!A:C,3,FALSE) -> 241305 | E160: =C160=D160 -> FALSE | G160: =VLOOKUP(B160,'NS Balance'!D:G,4,FALSE) -> 268279 | H160: =VLOOKUP(B160,'Tally Balance'!A:D,4,FALSE) -> 268279 | I160: =G160=H160 -> TRUE | L160: =VLOOKUP(B160,'Tally Balance'!A:E,5,FALSE) -> 26974
A161: Cognizant Technology Solutions India Pvt Ltd | B161: SB22617 | C161: =VLOOKUP(B161,'NS Balance'!D:F,3,FALSE) -> 569191.04 | D161: =VLOOKUP(B161,'Tally Balance'!A:C,3,FALSE) -> 569191.04 | E161: =C161=D161 -> TRUE | G161: =VLOOKUP(B161,'NS Balance'!D:G,4,FALSE) -> 706801.7 | H161: =VLOOKUP(B161,'Tally Balance'!A:D,4,FALSE) -> 706801.7 | I161: =G161=H161 -> TRUE | L161: =VLOOKUP(B161,'Tally Balance'!A:E,5,FALSE) -> 137610.66
A162: Cognizant Technology Solutions India Pvt Ltd | B162: SB22633 | C162: =VLOOKUP(B162,'NS Balance'!D:F,3,FALSE) -> 19734 | D162: =VLOOKUP(B162,'Tally Balance'!A:C,3,FALSE) -> 19734 | E162: =C162=D162 -> TRUE | G162: =VLOOKUP(B162,'NS Balance'!D:G,4,FALSE) -> 25300 | H162: =VLOOKUP(B162,'Tally Balance'!A:D,4,FALSE) -> 25300 | I162: =G162=H162 -> TRUE | L162: =VLOOKUP(B162,'Tally Balance'!A:E,5,FALSE) -> 5566
A163: Cognizant Technology Solutions India Pvt Ltd | B163: SB22649 | C163: =VLOOKUP(B163,'NS Balance'!D:F,3,FALSE) -> 85000 | D163: =VLOOKUP(B163,'Tally Balance'!A:C,3,FALSE) -> 85000 | E163: =C163=D163 -> TRUE | G163: =VLOOKUP(B163,'NS Balance'!D:G,4,FALSE) -> 100100 | H163: =VLOOKUP(B163,'Tally Balance'!A:D,4,FALSE) -> 100100 | I163: =G163=H163 -> TRUE | L163: =VLOOKUP(B163,'Tally Balance'!A:E,5,FALSE) -> 15100
A164: Ki Mobility Solutions Pvt Ltd | B164: SB22453 | C164: =VLOOKUP(B164,'NS Balance'!D:F,3,FALSE) -> 34233 | D164: =VLOOKUP(B164,'Tally Balance'!A:C,3,FALSE) -> #N/A | E164: =C164=D164 -> #N/A | G164: =VLOOKUP(B164,'NS Balance'!D:G,4,FALSE) -> 34233 | H164: =VLOOKUP(B164,'Tally Balance'!A:D,4,FALSE) -> #N/A | I164: =G164=H164 -> #N/A | L164: =VLOOKUP(B164,'Tally Balance'!A:E,5,FALSE) -> #N/A
A165: NatWest Digital Services India Pvt Ltd (RBS Services India Pvt Ltd) | B165: SB22366 | C165: =VLOOKUP(B165,'NS Balance'!D:F,3,FALSE) -> 308665 | D165: =VLOOKUP(B165,'Tally Balance'!A:C,3,FALSE) -> 308665 | E165: =C165=D165 -> TRUE | G165: =VLOOKUP(B165,'NS Balance'!D:G,4,FALSE) -> 308665 | H165: =VLOOKUP(B165,'Tally Balance'!A:D,4,FALSE) -> 308665 | I165: =G165=H165 -> TRUE | L165: =VLOOKUP(B165,'Tally Balance'!A:E,5,FALSE) -> 0
... A206: Innocean Worldwide Communication Pvt Ltd | B206: SB22460 | C206: =VLOOKUP(B206,'NS Balance'!D:F,3,FALSE) -> 55000 | D206: =VLOOKUP(B206,'Tally Balance'!A:C,3,FALSE) -> 55000 | E206: =C206=D206 -> TRUE | G206: =VLOOKUP(B206,'NS Balance'!D:G,4,FALSE) -> 55000 | H206: =VLOOKUP(B206,'Tally Balance'!A:D,4,FALSE) -> 55000 | I206: =G206=H206 -> TRUE | L206: =VLOOKUP(B206,'Tally Balance'!A:E,5,FALSE) -> 0
A207: Innocean Worldwide Communication Pvt Ltd | B207: SB22615 | C207: =VLOOKUP(B207,'NS Balance'!D:F,3,FALSE) -> 364772.75 | D207: =VLOOKUP(B207,'Tally Balance'!A:C,3,FALSE) -> 8867050.8 | E207: =C207=D207 -> FALSE | F207: =D207-C207 -> 8502278 | G207: =VLOOKUP(B207,'NS Balance'!D:G,4,FALSE) -> 8867050.8 | H207: =VLOOKUP(B207,'Tally Balance'!A:D,4,FALSE) -> 8867050.8 | I207: =G207=H207 -> TRUE | L207: =VLOOKUP(B207,'Tally Balance'!A:E,5,FALSE) -> 0
A208: Innocean Worldwide Communication Pvt Ltd | B208: SB22618 | C208: =VLOOKUP(B208,'NS Balance'!D:F,3,FALSE) -> 2810770 | D208: =VLOOKUP(B208,'Tally Balance'!A:C,3,FALSE) -> 2810770 | E208: =C208=D208 -> TRUE | G208: =VLOOKUP(B208,'NS Balance'!D:G,4,FALSE) -> 3518535 | H208: =VLOOKUP(B208,'Tally Balance'!A:D,4,FALSE) -> 3522770 | I208: =G208=H208 -> FALSE | L208: =VLOOKUP(B208,'Tally Balance'!A:E,5,FALSE) -> 712000
A209: Adobe Systems India Pvt Ltd | B209: SB22414 | C209: =VLOOKUP(B209,'NS Balance'!D:F,3,FALSE) -> 1389500 | D209: =VLOOKUP(B209,'Tally Balance'!A:C,3,FALSE) -> 1389500 | E209: =C209=D209 -> TRUE | G209: =VLOOKUP(B209,'NS Balance'!D:G,4,FALSE) -> 1389500 | H209: =VLOOKUP(B209,'Tally Balance'!A:D,4,FALSE) -> 1389500 | I209: =G209=H209 -> TRUE | L209: =VLOOKUP(B209,'Tally Balance'!A:E,5,FALSE) -> 0
A210: Hewlett Packard Enterprise India Pvt Ltd | B210: SB22559 | C210: =VLOOKUP(B210,'NS Balance'!D:F,3,FALSE) -> 1850500 | D210: =VLOOKUP(B210,'Tally Balance'!A:C,3,FALSE) -> 1850500 | E210: =C210=D210 -> TRUE | G210: =VLOOKUP(B210,'NS Balance'!D:G,4,FALSE) -> 2150500 | H210: =VLOOKUP(B210,'Tally Balance'!A:D,4,FALSE) -> 2150500 | I210: =G210=H210 -> TRUE | L210: =VLOOKUP(B210,'Tally Balance'!A:E,5,FALSE) -> 300000
...

Sheet NS Balance
A1: Location | B1: Department | C1: Customer | D1: Project | E1: Opening Balance | F1: Total Debit | G1: Total Credit | H1: Closing Balance
C2: 10008 Asia Pacific Travel Retail Association | F2: 4006150 | G2: 5861668 | H2: 1855518
D3: SB22437 | F3: 4006150 | G3: 5861668 | H3: 1855518
C4: 10043 Kiran Nadar Museum of Art | F4: 1000000 | G4: 1610670 | H4: 610670
D5: SB22598 | F5: 1000000 | G5: 1610670 | H5: 610670
C6: 10046 Lightspeed India Partners Advisors LLP | F6: 804498 | G6: 851135 | H6: 46637
D7: SB22392 | F7: 26000 | G7: 26000 | H7: 0
D8: SB22548 | F8: 778498 | G8: 825135 | H8: 46637
C9: 10088 CIO Association | F9: 374590 | G9: 374590 | H9: 0
D10: SB22444 | F10: 374590 | G10: 374590 | H10: 0
C11: 10108 Indian Electrical & Electronics | F11: 138800 | G11: 0 | H11: 138800
D12: SB22401 | F12: 138800 | G12: 0 | H12: 138800
C13: 10203 Accenture Solutions Pvt Ltd | F13: 3311878 | G13: 3873646.2 | H13: 1385530.2 | J13: =SUM(F14:F21) -> 3311878
D14: SB22632 | F14: 431402 | G14: 553080 | H14: 121678
D15: SB22600 | F15: 149700 | G15: 192016 | H15: 42316
D16: SB22511 | F16: 1800000 | G16: 2400000 | H16: 600000
D17: SB22376 | F17: 326914 | G17: 309507 | H17: 17407
D18: SB22570 | F18: 94380 | G18: 171050 | H18: 76670
D19: SB22526 | F19: 115008 | G19: 121792 | H19: 6784
D20: SB21386 | F20: 394474 | G20: 0 | H20: 394474
D21: SB22516 | F21: 0 | G21: 126201.2 | H21: 126201.2
C22: 10467 Adobe Systems India Pvt Ltd | F22: 1639500 | G22: 2845500 | H22: 1206000
D23: SB22414 | F23: 1389500 | G23: 1389500 | H23: 0
D24: SB22592 | F24: 250000 | G24: 1456000 | H24: 1206000
C25: 10555 Amazon Pay (India) Pvt Ltd | F25: 133500 | G25: 133500 | H25: 0
D26: SB22282 | F26: 133500 | G26: 133500 | H26: 0
C27: 10642 Amazon Seller Services India Pvt Ltd | F27: 1761018 | G27: 2469382 | H27: 708364
D28: SB22547 | F28: 42110 | G28: 42110 | H28: 0
D29: SB22635 | F29: 120000 | G29: 179520 | H29: 59520
D30: SB22589 | F30: 23000 | G30: 34100 | H30: 11100
D31: SB22652 | F31: 7500 | G31: 10010 | H31: 2510
D32: SB22504 | F32: 8391 | G32: 8681 | H32: 290
D33: SB22487 | F33: 36830 | G33: 36830 | H33: 0
D34: SB22524 | F34: 22800 | G34: 22800 | H34: 0
D35: SB22659 | F35: 140000 | G35: 178178 | H35: 38178
D36: SB22555 | F36: 15000 | G36: 15000 | H36: 0
D37: SB22604 | F37: 708765 | G37: 1014046 | H37: 305281
D38: SB22556 | F38: 52056 | G38: 52056 | H38: 0
D39: SB22573 | F39: 22000 | G39: 33583 | H39: 11583
... D45: SB22205 | F45: 0 | G45: 37050 | H45: 37050
C46: 10469 Amway India Enterprises Pvt Ltd | F46: 15895184 | G46: 17632894 | H46: 1750955.5
D47: SB22381 | F47: 4266428.5 | G47: 4259806 | H47: 6622.5
D48: SB22405 | F48: 5313598 | G48: 5313598 | H48: 0
D49: SB22539 | F49: 6315157 | G49: 8059490 | H49: 1744333
C50: 10383 Apparel Resources Pvt Ltd | F50: 1657971 | G50: 1815931 | H50: 157960
D51: SB22565 | F51: 1657971 | G51: 1815931 | H51: 157960
C52: 10297 Astrazeneca India Pvt Ltd | F52: 69072 | G52: 94072.04 | H52: 25000.04
D53: SB22572 | F53: 69072 | G53: 94072.04 | H53: 25000.04
C54: 10558 Autodesk India Pvt Ltd | F54: 12350 | G54: 12350 | H54: 0
D55: SB22399 | F55: 12350 | G55: 12350 | H55: 0
C56: 10560 BP Business Solutions India Pvt Ltd | F56: 1190938.4 | G56: 1991299 | H56: 800360.57
D57: SB22564 | F57: 666966.43 | G57: 1017327 | H57: 350360.57
D58: SB22575 | F58: 435524 | G58: 835524 | H58: 400000
D59: SB22582 | F59: 88448 | G59: 138448 | H59: 50000
C60: 10389 Brookprop Property Management Services Pvt Ltd | F60: 15862747 | G60: 9313154 | H60: 6629592.7
D61: SB22065 | F61: 129923 | G61: 129923 | H61: 0
D62: SB22639 | F62: 400000 | G62: 440000 | H62: 40000
D63: SB22543 | F63: 1021439 | G63: 1021439 | H63: 0
D64: SB22417 | F64: 110000 | G64: 110000 | H64: 0
D65: SB22461 | F65: 8702148.2 | G65: 5666925 | H65: 3035223.2
D66: SB22479 | F66: 5499236.5 | G66: 1944867 | H66: 3554369.5
C67: 10562 BYD India Pvt Ltd | F67: 480693 | G67: 484950 | H67: 4257
D68: SB22272 | F68: 480693 | G68: 484950 | H68: 4257
C69: 10126 CA (India)Technologies Pvt Ltd | F69: 2031969.5 | G69: 2031969.5 | H69: 0
D70: SB22317 | F70: 2031969.5 | G70: 2031969.5 | H70: 0
C71: 10305 Citi Bank | F71: 10000 | G71: 0 | H71: 10000
D72: SB22536 | F72: 10000 | G72: 0 | H72: 10000
C73: 10566 Clarivate Analytics India Pvt Ltd | F73: 511290 | G73: 771075 | H73: 259785
D74: SB22581 | F74: 511290 | G74: 771075 | H74: 259785
C75: 10306 Cognizant Technology Solutions India Pvt Ltd | F75: 11670014 | G75: 11411689 | H75: 1343010.5
D76: SB22446 | F76: 1668425 | G76: 1668425 | H76: 0
D77: SB22529 | F77: 1147085 | G77: 1147085 | H77: 0
D78: SB22593 | F78: 205805 | G78: 268279 | H78: 62474
D79: SB22280 | F79: 11500 | G79: 11500 | H79: 0
D80: SB22424 | F80: 34233 | G80: 126649 | H80: 92416
D81: SB22558 | F81: 180250 | G81: 224730 | H81: 44480
D82: SB22633 | F82: 19734 | G82: 25300 | H82: 5566
D83: SB22617 | F83: 569191.04 | G83: 706801.7 | H83: 137610.66
D84: SB22649 | F84: 85000 | G84: 100100 | H84: 15100
D85: SB22469 | F85: 6693299.9 | G85: 5892632 | H85: 800667.87
D86: SB22534 | F86: 724751 | G86: 909447 | H86: 184696
D87: SB22546 | F87: 330740 | G87: 330740 | H87: 0
C88: 10221 Dbs Bank India Ltd | F88: 3313653 | G88: 3027889 | H88: 389589.96
D89: SB22492 | F89: 3135421 | G89: 2942744 | H89: 192676.96
D90: SB22567 | F90: 17503.2 | G90: 24145 | H90: 6641.8
D91: SB22456 | F91: 145000 | G91: 0 | H91: 145000
D92: SB22583 | F92: 9728.8 | G92: 55000 | H92: 45271.2
D93: SB22416 | F93: 6000 | G93: 6000 | H93: 0
C94: 10397 Dell International Services India Pvt Ltd | F94: 35116593 | G94: 30379351 | H94: 11968720
D95: SB22318 | F95: 319500 | G95: 329500 | H95: 10000
D96: SB22305 | F96: 17773002 | G96: 21145098 | H96: 3372096
D97: SB22396 | F97: 4821802 | G97: 4821802 | H97: 0
D98: SB22319 | F98: 2121223.2 | G98: 2311661.5 | H98: 190438.31
D99: SB22320 | F99: 8211500 | G99: 0 | H99: 8211500
D100: SB22306 | F100: 1860395.7 | G100: 1728084.8 | H100: 132310.95
D101: SB22251 | F101: 9170 | G101: 0 | H101: 9170
D102: SB22561 | F102: 0 | G102: 8163 | H102: 8163
D103: SB22563 | F103: 0 | G103: 10634 | H103: 10634
D104: SB22562 | F104: 0 | G104: 24408 | H104: 24408
C105: 10664 GitHub India Pvt Ltd | F105: 10287339 | G105: 12660160 | H105: 2372821
...

Sheet Tally Balance
C1: Debit | D1: Credit | E1: Closing
A2: SB21386 | C2: 394474 | E2: 394474
A3: SB22376 | C3: 326914 | D3: 309507 | E3: 17407
A4: SB22511 | C4: 1800000 | D4: 2400000 | E4: 600000
A5: SB22526 | C5: 115008 | D5: 121792 | E5: 6784
A6: SB22570 | C6: 94380 | D6: 171050 | E6: 76670
A7: SB22600 | C7: 149700 | D7: 192016 | E7: 42316
A8: SB22632 | C8: 431402 | D8: 553080 | E8: 121678
A9: BU1R
A10: ClarivateAnalyticsIndiaPvtLtd-BU1R | C10: 511290 | D10: 771075 | E10: 259785
A11: ClarivateAnalyticsIndiaPvtLtd-BU1R
A12: SB22581 | C12: 511290 | D12: 771075 | E12: 259785
A13: IndianExplosivesPvtLtd(Dr)-Mum | C13: 83600 | D13: 83600
A14: IndianExplosivesPvtLtd(Dr)-Mum
A15: SB22347 | C15: 83600 | D15: 83600
A16: NttDataBusinessSolutionsPvtLtd-(Dr)-Mum | C16: 727110 | D16: 1155224 | E16: 428114
A17: NttDataBusinessSolutionsPvtLtd-(Dr)-Mum
A18: SB22384 | C18: 727110 | D18: 1155224 | E18: 428114
A19: SAPIndiaPvt.Ltd.-BU1R | C19: 47615188 | D19: 53428840 | E19: 5813652.2
A20: SAPIndiaPvt.Ltd.-BU1R
A21: SB22124 | C21: 1545455 | D21: 1545455
A22: SB22428 | C22: 5842385.1 | D22: 5842385.1
A23: SB22540 | C23: 40227348 | D23: 46041000 | E23: 5813652.2
A24: ThoughtworksTechnologiesIndiaPvtLtd-BU1R | C24: 14500 | D24: 14500
A25: ThoughtworksTechnologiesIndiaPvtLtd-BU1R
A26: SB22443 | C26: 14500 | D26: 14500
A27: BU1Sohan | C27: 26782138 | D27: 30515420 | E27: 3733281.9
A28: AutodeskIndiaPvtLtd-BU1 | C28: 12350 | D28: 12350
A29: AutodeskIndiaPvtLtd-BU1
A30: SB22399 | C30: 12350 | D30: 12350
A31: BU1Sohan
A32: CA(India)TechnologiesPvtLtd(DR)-Mum | C32: 2031969.5 | D32: 2031969.5
A33: CA(India)TechnologiesPvtLtd(DR)-Mum
A34: SB22317 | C34: 2031969.5 | D34: 2031969.5
A35: HitachiVantaraIndiaPrivateLimited-BU1Sohan | C35: 6411605 | D35: 7260559 | E35: 848954
A36: HitachiVantaraIndiaPrivateLimited-BU1Sohan
A37: SB22223 | C37: 142488 | D37: 142488
A38: SB22268 | C38: 1834097 | D38: 1834097
A39: SB22321 | C39: 500000 | D39: 516000 | E39: 16000
A40: SB22545 | C40: 2800020 | D40: 3500020 | E40: 700000
A41: SB22580 | C41: 650000 | D41: 650000
A42: SB22616 | C42: 485000 | D42: 617954 | E42: 132954
A43: JamfIndiaPvtLtd | C43: 4039551 | D43: 4266639 | E43: 227088
A44: JamfIndiaPvtLtd
A45: SB22485 | C45: 3404033 | D45: 3381121 | E45: 22912
A46: SB22579 | C46: 635518 | D46: 885518 | E46: 250000
A47: RedHatIndiaPvtLtd-BU1S | C47: 3258872 | D47: 3694831.8 | E47: 435959.79
A48: RedHatIndiaPvtLtd-BU1S
A49: SB22323 | C49: 575640 | D49: 738000 | E49: 162360
A50: SB22326 | C50: 191318 | D50: 193885.79 | E50: 2567.79
A51: SB22400 | C51: 261201 | D51: 250771 | E51: 10430
A52: SB22439 | C52: 2194384 | D52: 2465600 | E52: 271216
A53: SB22638 | C53: 36329 | D53: 46575 | E53: 10246
A54: ServiceNowSoftwareDevelopmentIndiaPvtLtd(Dr)-Mum | C54: 4589077.3 | D54: 5382651.2 | E54: 793573.94
A55: ServiceNowSoftwareDevelopmentIndiaPvtLtd(Dr)-Mum
A56: SB22325 | C56: 263100 | D56: 263100
A57: SB22541 | C57: 4040276.3 | D57: 4753266.2 | E57: 712989.94
A58: SB22587 | C58: 23270 | D58: 29835 | E58: 6565
A59: SB22607 | C59: 262431 | D59: 336450 | E59: 74019
A60: SkyflowLabsIndiaPvtLtd | C60: 153772.32 | D60: 197144 | E60: 43371.68
A61: SkyflowLabsIndiaPvtLtd
A62: SB22520 | C62: 153772.32 | D62: 197144 | E62: 43371.68
A63: TATAConsultancyServicesLtd-BU1S | C63: 4590132.5 | D63: 5931092 | E63: 1340959.5
A64: TATAConsultancyServicesLtd-BU1S
A65: SB22518 | C65: 17248 | D65: 17248
A66: SB22585 | C66: 5066.88 | D66: 6496 | E66: 1429.12
A67: SB22606 | C67: 4567817.7 | D67: 5907348 | E67: 1339530.3
A68: TechnoBindSolutionsPvtLtd-(Dr)-Mum | C68: 155000 | D68: 198375 | E68: 43375
A69: TechnoBindSolutionsPvtLtd-(Dr)-Mum
A70: SB22621 | C70: 155000 | D70: 198375 | E70: 43375
A71: VmwareSoftwareIndiaPvt.Ltd.-BU1Sohan | C71: 1539808.6 | D71: 1539808.6
A72: VmwareSoftwareIndiaPvt.Ltd.-BU1Sohan
A73: SB22513 | C73: 1539808.6 | D73: 1539808.6
A74: BU2S | C74: 3150738 | D74: 3028323 | E74: 122414.96
A75: BU2S
A76: DBSBankIndiaLtd-BU2S | C76: 3150738 | D76: 3028323 | E76: 122414.96
A77: DBSBankIndiaLtd-BU2S
A78: SB22416 | C78: 6000 | D78: 6000
A79: SB22492 | C79: 3117506 | D79: 2942744 | E79: 174761.96
A80: SB22506 | D80: 434 | E80: 434
A81: SB22567 | C81: 17503.2 | D81: 24145 | E81: 6641.8
A82: SB22583 | C82: 9728.8 | D82: 55000 | E82: 45271.2
A83: BU6 | C83: 65181649 | D83: 73034141 | E83: 7852491.9
A84: AsusGlobalPteLtd(DR)-Mum | C84: 2629750 | D84: 3325307 | E84: 695557
A85: AsusGlobalPteLtd(DR)-Mum
A86: SB22584 | C86: 2629750 | D86: 3325307 | E86: 695557
A87: BPBusinessSolutionsIndiaPvtLtd-BU6 | C87: 1190938.4 | D87: 1991299 | E87: 800360.57
A88: BPBusinessSolutionsIndiaPvtLtd-BU6
A89: SB22564 | C89: 666966.43 | D89: 1017327 | E89: 350360.57
A90: SB22575 | C90: 435524 | D90: 835524 | E90: 400000
A91: SB22582 | C91: 88448 | D91: 138448 | E91: 50000
A92: BU6
A93: CitiBank(Dr)-Mum | C93: 10000 | D93: 11000 | E93: 1000
A94: CitiBank(Dr)-Mum
A95: SB22536 | C95: 10000 | D95: 11000 | E95: 1000
A96: HINDUSTANUNILEVERLIMITED-BU6 | C96: 40842633 | D96: 44249555 | E96: 3406922.6
A97: HINDUSTANUNILEVERLIMITED-BU6
A98: SB22324 | C98: 1301935 | D98: 1440862 | E98: 138927
A99: SB22354 | C99: 32000 | D99: 32000
A100: SB22387 | C100: 3500 | D100: 3500
...

Sheet Sheet1
B3: 727110 | C3: 727580 | D3: =B3-C3 -> #VALUE!
